<?xml version="1.0" encoding="UTF-8"?>
<project-private xmlns="http://www.netbeans.org/ns/project-private/1">
    <editor-bookmarks xmlns="http://www.netbeans.org/ns/editor-bookmarks/2" lastBookmarkId="0"/>
    <open-files xmlns="http://www.netbeans.org/ns/projectui-open-files/2">
        <group>
            <file>file:/E:/BUE/Year%201%202020-2021/Semester%202/0projects0/Java/CairoMonorailTicketbookingSystem/src/Main/Main.java</file>
            <file>file:/E:/BUE/Year%201%202020-2021/Semester%202/0projects0/Java/CairoMonorailTicketbookingSystem/src/GUIAdmin/ModifyAccount.java</file>
            <file>file:/E:/BUE/Year%201%202020-2021/Semester%202/0projects0/Java/CairoMonorailTicketbookingSystem/src/Person/Admin.java</file>
            <file>file:/E:/BUE/Year%201%202020-2021/Semester%202/0projects0/Java/CairoMonorailTicketbookingSystem/src/GUIAdmin/HomeAdmin.java</file>
            <file>file:/E:/BUE/Year%201%202020-2021/Semester%202/0projects0/Java/CairoMonorailTicketbookingSystem/src/GUIGeneral/Login.java</file>
        </group>
    </open-files>
</project-private>
